Workbook

Sheet Main
B2: Завдання. (у першому рядку приклад для заповнення)
B3: 1. Перенесіть у стовпці D та E імена та по батькові співробітників зі стовпця C, у стовпці C залиште лише прізвище. | L3: Таблиця 2.
B4: 2. У стовпці G вкажіть гендерну приналежність працівників. | K4: № | L4: Показник | P4: Значення
B5: 3. У стовпці H вкажіть вік працівників на дату прийому на роботу (кількість повних років). | K5: 1 | L5: Кількість працюючих на дату звіту | P5: =COUNTBLANK(L18:L117) -> 39
B6: 4. У стовпці I вкажіть, чи досяг працівник пенсійного віку на момент прийому на роботу, якщо пенсійний вік становить 60 років. | K6: 2 | L6: Кількість звільнених на дату звіту | P6: =COUNTIF(L18:L117,"<="&F14) -> 61
K7: 3 | L7: Кількість звільнених на: | N7: 39814 | P7: =COUNTIF(L18:L117,"<="&N7) -> 3
B8: 5. Заповніть стовпець L; якщо в стовпці K дата звільнення відсутня, то розрахуйте стаж на дату звіту (клітинка F14). | K8: 4 | L8: Середній вік звільнених | P8: =AVERAGEIF(L18:L117,">0",Q18:Q117) -> 51.032787
B9: 6. Налаштуйте сортування Таблиці 1 за Відділом, Прізвищем. | K9: 5 | L9: Працівників якої статі більше звільнили | P9: =IF(COUNTIFS(G18:G117,"чоловіча",L18:L117,"<>")>COUNTIFS(G18:G117,"жіноча",L18:L117,"<>"),"чоловіча",IF(COUNTIFS(G18:G117,"чоловіча",L18:L117,"<>")<COUNTIFS(G18:G117,"жіноча",L18:L117,"<>"),"жіноча","однаково")) -> чоловіча
B10: 7. Додайте стовпець "Відділ", в який додайте відповідні значення для кожного співробітника з аркуша "Відділи". | K10: 6 | L10: Кількість співробітників із прізвищем, яке починається на "Р" | P10: =COUNTIF(C18:C117,"Р*") -> 4
B11: 8. Заповніть в Таблиці 2 стовпець "Значення" за допомогою формул. | K11: 7 | L11: Кількість причин звільнення | P11: =COUNTA(Аркуш1!A4:A9) -> 6
K12: 8 | L12: Найчастіша причина звільнення | P12: =INDEX(Аркуш1!A4:A9,MATCH(MAX(Аркуш1!B4:B9),Аркуш1!B4:B9,0),1) -> за власним бажанням
C14: Таблиця 1. Звіт про стаж роботи співробітників, в тому числі звільнених на | F14: 44927
B16: № | C16: ПІБ співробітника | F16: Дата народження | G16: Стать | H16: Відділ | I16: Вік на момент прийому на роботу | J16: Пенсійний вік | K16: Дата прийому на роботу | L16: Дата звільнення | M16: Стаж | N16: Причина звільнення
C17: Прізвище | D17: Ім'я | E17: По батькові
B18: 1 | C18: ВЕЛИЧКО | D18: САМІЙЛО | E18: ВАСИЛЬОВИЧ | F18: 23575 | G18: =IF(ISNUMBER(SEARCH("вна",E18)),"жіноча","чоловіча") -> чоловіча | H18: =VLOOKUP(_xlfn.CONCAT(C18," ",D18," ",E18),Відділи!B100:C199,2,FALSE) -> Бухгалтерія | I18: =DATEDIF(F18,K18,"Y") -> 42 | J18: =IF(I18>=60,"так","ні") -> ні | K18: 39161 | M18: =IF(L18="",_xlfn.CONCAT(DATEDIF(K18,$F$14,"Y"),"р.", DATEDIF(K18,$F$14,"ym"),"м.", DATEDIF(K18,$F$14,"md"),"д."),_xlfn.CONCAT(DATEDIF(K18,L18,"Y"),"р.", DATEDIF(K18,L18,"ym"),"м.", DATEDIF(K18,L18,"md"),"д.")) -> 15р.9м.12д. | Q18: =DATEDIF(F18,$F$14,"Y") -> 58
B19: 2 | C19: ГОНЧАРЕНКО | D19: НІНА | E19: ІВАНІВНА | F19: 28873 | G19: =IF(ISNUMBER(SEARCH("вна",E19)),"жіноча","чоловіча") -> жіноча | H19: =VLOOKUP(_xlfn.CONCAT(C19," ",D19," ",E19),Відділи!B49:C148,2,FALSE) -> Бухгалтерія | I19: =DATEDIF(F19,K19,"Y") -> 34 | J19: =IF(I19>=60,"так","ні") -> ні | K19: 41402 | M19: =IF(L19="",_xlfn.CONCAT(DATEDIF(K19,$F$14,"Y"),"р.", DATEDIF(K19,$F$14,"ym"),"м.", DATEDIF(K19,$F$14,"md"),"д."),_xlfn.CONCAT(DATEDIF(K19,L19,"Y"),"р.", DATEDIF(K19,L19,"ym"),"м.", DATEDIF(K19,L19,"md"),"д.")) -> 9р.7м.24д. | Q19: =DATEDIF(F19,$F$14,"Y") -> 43
B20: 3 | C20: ІВАНОВА | D20: АНТОНІНА | E20: МИКОЛАЇВНА | F20: 22028 | G20: =IF(ISNUMBER(SEARCH("вна",E20)),"жіноча","чоловіча") -> жіноча | H20: =VLOOKUP(_xlfn.CONCAT(C20," ",D20," ",E20),Відділи!B14:C113,2,FALSE) -> Бухгалтерія | I20: =DATEDIF(F20,K20,"Y") -> 54 | J20: =IF(I20>=60,"так","ні") -> ні | K20: 41977 | M20: =IF(L20="",_xlfn.CONCAT(DATEDIF(K20,$F$14,"Y"),"р.", DATEDIF(K20,$F$14,"ym"),"м.", DATEDIF(K20,$F$14,"md"),"д."),_xlfn.CONCAT(DATEDIF(K20,L20,"Y"),"р.", DATEDIF(K20,L20,"ym"),"м.", DATEDIF(K20,L20,"md"),"д.")) -> 8р.0м.28д. | Q20: =DATEDIF(F20,$F$14,"Y") -> 62
B21: 4 | C21: КОВАЛЬ | D21: ОЛЕКСАНДР | E21: ІВАНОВИЧ | F21: 24302 | G21: =IF(ISNUMBER(SEARCH("вна",E21)),"жіноча","чоловіча") -> чоловіча | H21: =VLOOKUP(_xlfn.CONCAT(C21," ",D21," ",E21),Відділи!B10:C109,2,FALSE) -> Бухгалтерія | I21: =DATEDIF(F21,K21,"Y") -> 46 | J21: =IF(I21>=60,"так","ні") -> ні | K21: 41434 | M21: =IF(L21="",_xlfn.CONCAT(DATEDIF(K21,$F$14,"Y"),"р.", DATEDIF(K21,$F$14,"ym"),"м.", DATEDIF(K21,$F$14,"md"),"д."),_xlfn.CONCAT(DATEDIF(K21,L21,"Y"),"р.", DATEDIF(K21,L21,"ym"),"м.", DATEDIF(K21,L21,"md"),"д.")) -> 9р.6м.23д. | Q21: =DATEDIF(F21,$F$14,"Y") -> 56
B22: 5 | C22: КОВТУН | D22: ІЛЛЯ | E22: ЮРІЙОВИЧ | F22: 17062 | G22: =IF(ISNUMBER(SEARCH("вна",E22)),"жіноча","чоловіча") -> чоловіча | H22: =VLOOKUP(_xlfn.CONCAT(C22," ",D22," ",E22),Відділи!B63:C162,2,FALSE) -> Бухгалтерія | I22: =DATEDIF(F22,K22,"Y") -> 63 | J22: =IF(I22>=60,"так","ні") -> так | K22: 40409 | M22: =IF(L22="",_xlfn.CONCAT(DATEDIF(K22,$F$14,"Y"),"р.", DATEDIF(K22,$F$14,"ym"),"м.", DATEDIF(K22,$F$14,"md"),"д."),_xlfn.CONCAT(DATEDIF(K22,L22,"Y"),"р.", DATEDIF(K22,L22,"ym"),"м.", DATEDIF(K22,L22,"md"),"д.")) -> 12р.4м.13д. | Q22: =DATEDIF(F22,$F$14,"Y") -> 76
B23: 6 | C23: ЛИТВИНЕНКО | D23: МАРІЯ | E23: ІВАНІВНА | F23: 23927 | G23: =IF(ISNUMBER(SEARCH("вна",E23)),"жіноча","чоловіча") -> жіноча | H23: =VLOOKUP(_xlfn.CONCAT(C23," ",D23," ",E23),Відділи!B47:C146,2,FALSE) -> Бухгалтерія | I23: =DATEDIF(F23,K23,"Y") -> 44 | J23: =IF(I23>=60,"так","ні") -> ні | K23: 40122 | M23: =IF(L23="",_xlfn.CONCAT(DATEDIF(K23,$F$14,"Y"),"р.", DATEDIF(K23,$F$14,"ym"),"м.", DATEDIF(K23,$F$14,"md"),"д."),_xlfn.CONCAT(DATEDIF(K23,L23,"Y"),"р.", DATEDIF(K23,L23,"ym"),"м.", DATEDIF(K23,L23,"md"),"д.")) -> 13р.1м.27д. | Q23: =DATEDIF(F23,$F$14,"Y") -> 57
B24: 7 | C24: МАКАРЕНКО | D24: АНТОН | E24: СЕМЕНОВИЧ | F24: 33375 | G24: =IF(ISNUMBER(SEARCH("вна",E24)),"жіноча","чоловіча") -> чоловіча | H24: =VLOOKUP(_xlfn.CONCAT(C24," ",D24," ",E24),Відділи!B78:C177,2,FALSE) -> Бухгалтерія | I24: =DATEDIF(F24,K24,"Y") -> 21 | J24: =IF(I24>=60,"так","ні") -> ні | K24: 41178 | L24: 43312 | M24: =IF(L24="",_xlfn.CONCAT(DATEDIF(K24,$F$14,"Y"),"р.", DATEDIF(K24,$F$14,"ym"),"м.", DATEDIF(K24,$F$14,"md"),"д."),_xlfn.CONCAT(DATEDIF(K24,L24,"Y"),"р.", DATEDIF(K24,L24,"ym"),"м.", DATEDIF(K24,L24,"md"),"д.")) -> 5р.10м.5д. | N24: за власним бажанням | Q24: =DATEDIF(F24,$F$14,"Y") -> 31
B25: 8 | C25: МАРЧУК | D25: ЄВГЕН | E25: КИРИЛОВИЧ | F25: 29020 | G25: =IF(ISNUMBER(SEARCH("вна",E25)),"жіноча","чоловіча") -> чоловіча | H25: =VLOOKUP(_xlfn.CONCAT(C25," ",D25," ",E25),Відділи!B85:C184,2,FALSE) -> Бухгалтерія | I25: =DATEDIF(F25,K25,"Y") -> 32 | J25: =IF(I25>=60,"так","ні") -> ні | K25: 40825 | L25: 42579 | M25: =IF(L25="",_xlfn.CONCAT(DATEDIF(K25,$F$14,"Y"),"р.", DATEDIF(K25,$F$14,"ym"),"м.", DATEDIF(K25,$F$14,"md"),"д."),_xlfn.CONCAT(DATEDIF(K25,L25,"Y"),"р.", DATEDIF(K25,L25,"ym"),"м.", DATEDIF(K25,L25,"md"),"д.")) -> 4р.9м.19д. | N25: за власним бажанням | Q25: =DATEDIF(F25,$F$14,"Y") -> 43
B26: 9 | C26: Мельник | D26: Андрій | E26: Андрійович | F26: 21956 | G26: =IF(ISNUMBER(SEARCH("вна",E26)),"жіноча","чоловіча") -> чоловіча | H26: =VLOOKUP(_xlfn.CONCAT(C26," ",D26," ",E26),Відділи!B2:C101,2,FALSE) -> Бухгалтерія | I26: =DATEDIF(F26,K26,"Y") -> 53 | J26: =IF(I26>=60,"так","ні") -> ні | K26: 41530 | M26: =IF(L26="",_xlfn.CONCAT(DATEDIF(K26,$F$14,"Y"),"р.", DATEDIF(K26,$F$14,"ym"),"м.", DATEDIF(K26,$F$14,"md"),"д."),_xlfn.CONCAT(DATEDIF(K26,L26,"Y"),"р.", DATEDIF(K26,L26,"ym"),"м.", DATEDIF(K26,L26,"md"),"д.")) -> 9р.3м.19д. | Q26: =DATEDIF(F26,$F$14,"Y") -> 62
B27: 10 | C27: МЕЛЬНИЧУК | D27: ЛЮДМИЛА | E27: ОЛЕКСАНДРІВНА | F27: 24224 | G27: =IF(ISNUMBER(SEARCH("вна",E27)),"жіноча","чоловіча") -> жіноча | H27: =VLOOKUP(_xlfn.CONCAT(C27," ",D27," ",E27),Відділи!B37:C136,2,FALSE) -> Бухгалтерія | I27: =DATEDIF(F27,K27,"Y") -> 45 | J27: =IF(I27>=60,"так","ні") -> ні | K27: 40953 | L27: 43891 | M27: =IF(L27="",_xlfn.CONCAT(DATEDIF(K27,$F$14,"Y"),"р.", DATEDIF(K27,$F$14,"ym"),"м.", DATEDIF(K27,$F$14,"md"),"д."),_xlfn.CONCAT(DATEDIF(K27,L27,"Y"),"р.", DATEDIF(K27,L27,"ym"),"м.", DATEDIF(K27,L27,"md"),"д.")) -> 8р.0м.16д. | N27: порушення трудового договору | Q27: =DATEDIF(F27,$F$14,"Y") -> 56
B28: 11 | C28: МОРОЗ | D28: ОЛЕКСАНДР | E28: ОЛЕКСАНДРОВИЧ | F28: 21196 | G28: =IF(ISNUMBER(SEARCH("вна",E28)),"жіноча","чоловіча") -> чоловіча | H28: =VLOOKUP(_xlfn.CONCAT(C28," ",D28," ",E28),Відділи!B20:C119,2,FALSE) -> Бухгалтерія | I28: =DATEDIF(F28,K28,"Y") -> 54 | J28: =IF(I28>=60,"так","ні") -> ні | K28: 40921 | L28: 44494 | M28: =IF(L28="",_xlfn.CONCAT(DATEDIF(K28,$F$14,"Y"),"р.", DATEDIF(K28,$F$14,"ym"),"м.", DATEDIF(K28,$F$14,"md"),"д."),_xlfn.CONCAT(DATEDIF(K28,L28,"Y"),"р.", DATEDIF(K28,L28,"ym"),"м.", DATEDIF(K28,L28,"md"),"д.")) -> 9р.9м.12д. | N28: за згодою сторін | Q28: =DATEDIF(F28,$F$14,"Y") -> 64
B29: 12 | C29: НАЗАРЕНКО | D29: СЕРГІЙ | E29: ЮРІЙОВИЧ | F29: 30614 | G29: =IF(ISNUMBER(SEARCH("вна",E29)),"жіноча","чоловіча") -> чоловіча | H29: =VLOOKUP(_xlfn.CONCAT(C29," ",D29," ",E29),Відділи!B56:C155,2,FALSE) -> Бухгалтерія | I29: =DATEDIF(F29,K29,"Y") -> 29 | J29: =IF(I29>=60,"так","ні") -> ні | K29: 41370 | L29: 41645 | M29: =IF(L29="",_xlfn.CONCAT(DATEDIF(K29,$F$14,"Y"),"р.", DATEDIF(K29,$F$14,"ym"),"м.", DATEDIF(K29,$F$14,"md"),"д."),_xlfn.CONCAT(DATEDIF(K29,L29,"Y"),"р.", DATEDIF(K29,L29,"ym"),"м.", DATEDIF(K29,L29,"md"),"д.")) -> 0р.9м.0д. | N29: за власним бажанням | Q29: =DATEDIF(F29,$F$14,"Y") -> 39
B30: 13 | C30: ПАВЛЮК | D30: ПАВЛО | E30: МИХНОВИЧ | F30: 15594 | G30: =IF(ISNUMBER(SEARCH("вна",E30)),"жіноча","чоловіча") -> чоловіча | H30: =VLOOKUP(_xlfn.CONCAT(C30," ",D30," ",E30),Відділи!B45:C144,2,FALSE) -> Бухгалтерія | I30: =DATEDIF(F30,K30,"Y") -> 70 | J30: =IF(I30>=60,"так","ні") -> так | K30: 41466 | M30: =IF(L30="",_xlfn.CONCAT(DATEDIF(K30,$F$14,"Y"),"р.", DATEDIF(K30,$F$14,"ym"),"м.", DATEDIF(K30,$F$14,"md"),"д."),_xlfn.CONCAT(DATEDIF(K30,L30,"Y"),"р.", DATEDIF(K30,L30,"ym"),"м.", DATEDIF(K30,L30,"md"),"д.")) -> 9р.5м.21д. | Q30: =DATEDIF(F30,$F$14,"Y") -> 80
B31: 14 | C31: РУДЕНКО | D31: БЕЛА | E31: АНДРІЇВНА | F31: 34241 | G31: =IF(ISNUMBER(SEARCH("вна",E31)),"жіноча","чоловіча") -> жіноча | H31: =VLOOKUP(_xlfn.CONCAT(C31," ",D31," ",E31),Відділи!B19:C118,2,FALSE) -> Бухгалтерія | I31: =DATEDIF(F31,K31,"Y") -> 17 | J31: =IF(I31>=60,"так","ні") -> ні | K31: 40601 | L31: 43800 | M31: =IF(L31="",_xlfn.CONCAT(DATEDIF(K31,$F$14,"Y"),"р.", DATEDIF(K31,$F$14,"ym"),"м.", DATEDIF(K31,$F$14,"md"),"д."),_xlfn.CONCAT(DATEDIF(K31,L31,"Y"),"р.", DATEDIF(K31,L31,"ym"),"м.", DATEDIF(K31,L31,"md"),"д.")) -> 8р.9м.4д. | N31: завершення трудового договору | Q31: =DATEDIF(F31,$F$14,"Y") -> 29
B32: 15 | C32: ШУЛЬГА | D32: АНАСТАСІЯ | E32: ОЛЕКСАНДРІВНА | F32: 24140 | G32: =IF(ISNUMBER(SEARCH("вна",E32)),"жіноча","чоловіча") -> жіноча | H32: =VLOOKUP(_xlfn.CONCAT(C32," ",D32," ",E32),Відділи!B98:C197,2,FALSE) -> Бухгалтерія | I32: =DATEDIF(F32,K32,"Y") -> 45 | J32: =IF(I32>=60,"так","ні") -> ні | K32: 40761 | M32: =IF(L32="",_xlfn.CONCAT(DATEDIF(K32,$F$14,"Y"),"р.", DATEDIF(K32,$F$14,"ym"),"м.", DATEDIF(K32,$F$14,"md"),"д."),_xlfn.CONCAT(DATEDIF(K32,L32,"Y"),"р.", DATEDIF(K32,L32,"ym"),"м.", DATEDIF(K32,L32,"md"),"д.")) -> 11р.4м.26д. | Q32: =DATEDIF(F32,$F$14,"Y") -> 56
B33: 16 | C33: ЮРЧЕНКО | D33: АНАТОЛІЙ | E33: ПЕТРОВИЧ | F33: 24595 | G33: =IF(ISNUMBER(SEARCH("вна",E33)),"жіноча","чоловіча") -> чоловіча | H33: =VLOOKUP(_xlfn.CONCAT(C33," ",D33," ",E33),Відділи!B41:C140,2,FALSE) -> Бухгалтерія | I33: =DATEDIF(F33,K33,"Y") -> 44 | J33: =IF(I33>=60,"так","ні") -> ні | K33: 40889 | L33: 44112 | M33: =IF(L33="",_xlfn.CONCAT(DATEDIF(K33,$F$14,"Y"),"р.", DATEDIF(K33,$F$14,"ym"),"м.", DATEDIF(K33,$F$14,"md"),"д."),_xlfn.CONCAT(DATEDIF(K33,L33,"Y"),"р.", DATEDIF(K33,L33,"ym"),"м.", DATEDIF(K33,L33,"md"),"д.")) -> 8р.9м.26д. | N33: завершення трудового договору | Q33: =DATEDIF(F33,$F$14,"Y") -> 55
B34: 17 | C34: БОЙКО | D34: ЮРІЙ | E34: АНАТОЛІЙОВИЧ | F34: 32924 | G34: =IF(ISNUMBER(SEARCH("вна",E34)),"жіноча","чоловіча") -> чоловіча | H34: =VLOOKUP(_xlfn.CONCAT(C34," ",D34," ",E34),Відділи!B6:C105,2,FALSE) -> Відділ збуту | I34: =DATEDIF(F34,K34,"Y") -> 19 | J34: =IF(I34>=60,"так","ні") -> ні | K34: 40058 | M34: =IF(L34="",_xlfn.CONCAT(DATEDIF(K34,$F$14,"Y"),"р.", DATEDIF(K34,$F$14,"ym"),"м.", DATEDIF(K34,$F$14,"md"),"д."),_xlfn.CONCAT(DATEDIF(K34,L34,"Y"),"р.", DATEDIF(K34,L34,"ym"),"м.", DATEDIF(K34,L34,"md"),"д.")) -> 13р.3м.30д. | Q34: =DATEDIF(F34,$F$14,"Y") -> 32
B35: 18 | C35: ВОВК | D35: ФЕДІР | E35: КІНДРАТОВИЧ | F35: 27582 | G35: =IF(ISNUMBER(SEARCH("вна",E35)),"жіноча","чоловіча") -> чоловіча | H35: =VLOOKUP(_xlfn.CONCAT(C35," ",D35," ",E35),Відділи!B72:C171,2,FALSE) -> Відділ збуту | I35: =DATEDIF(F35,K35,"Y") -> 38 | J35: =IF(I35>=60,"так","ні") -> ні | K35: 41594 | L35: 41773 | M35: =IF(L35="",_xlfn.CONCAT(DATEDIF(K35,$F$14,"Y"),"р.", DATEDIF(K35,$F$14,"ym"),"м.", DATEDIF(K35,$F$14,"md"),"д."),_xlfn.CONCAT(DATEDIF(K35,L35,"Y"),"р.", DATEDIF(K35,L35,"ym"),"м.", DATEDIF(K35,L35,"md"),"д.")) -> 0р.5м.28д. | N35: за згодою сторін | Q35: =DATEDIF(F35,$F$14,"Y") -> 47
B36: 19 | C36: ГОРДІЄНКО | D36: НАТАЛІЯ | E36: ВОЛОДИМИРІВНА | F36: 21594 | G36: =IF(ISNUMBER(SEARCH("вна",E36)),"жіноча","чоловіча") -> жіноча | H36: =VLOOKUP(_xlfn.CONCAT(C36," ",D36," ",E36),Відділи!B95:C194,2,FALSE) -> Відділ збуту | I36: =DATEDIF(F36,K36,"Y") -> 52 | J36: =IF(I36>=60,"так","ні") -> ні | K36: 40665 | L36: 42641 | M36: =IF(L36="",_xlfn.CONCAT(DATEDIF(K36,$F$14,"Y"),"р.", DATEDIF(K36,$F$14,"ym"),"м.", DATEDIF(K36,$F$14,"md"),"д."),_xlfn.CONCAT(DATEDIF(K36,L36,"Y"),"р.", DATEDIF(K36,L36,"ym"),"м.", DATEDIF(K36,L36,"md"),"д.")) -> 5р.4м.26д. | N36: за згодою сторін | Q36: =DATEDIF(F36,$F$14,"Y") -> 63
B37: 20 | C37: ДЕНИСЕНКО | D37: ЛАРИСА | E37: ВОЛОДИМИРІВНА | F37: 24923 | G37: =IF(ISNUMBER(SEARCH("вна",E37)),"жіноча","чоловіча") -> жіноча | H37: =VLOOKUP(_xlfn.CONCAT(C37," ",D37," ",E37),Відділи!B101:C200,2,FALSE) -> Відділ збуту | I37: =DATEDIF(F37,K37,"Y") -> 40 | J37: =IF(I37>=60,"так","ні") -> ні | K37: 39546 | L37: 41320 | M37: =IF(L37="",_xlfn.CONCAT(DATEDIF(K37,$F$14,"Y"),"р.", DATEDIF(K37,$F$14,"ym"),"м.", DATEDIF(K37,$F$14,"md"),"д."),_xlfn.CONCAT(DATEDIF(K37,L37,"Y"),"р.", DATEDIF(K37,L37,"ym"),"м.", DATEDIF(K37,L37,"md"),"д.")) -> 4р.10м.7д. | N37: за власним бажанням | Q37: =DATEDIF(F37,$F$14,"Y") -> 54
B38: 21 | C38: ІВАНОВ | D38: МИКОЛА | E38: КУЗЬМИЧ | F38: 33931 | G38: =IF(ISNUMBER(SEARCH("вна",E38)),"жіноча","чоловіча") -> чоловіча | H38: =VLOOKUP(_xlfn.CONCAT(C38," ",D38," ",E38),Відділи!B26:C125,2,FALSE) -> Відділ збуту | I38: =DATEDIF(F38,K38,"Y") -> 21 | J38: =IF(I38>=60,"так","ні") -> ні | K38: 41690 | M38: =IF(L38="",_xlfn.CONCAT(DATEDIF(K38,$F$14,"Y"),"р.", DATEDIF(K38,$F$14,"ym"),"м.", DATEDIF(K38,$F$14,"md"),"д."),_xlfn.CONCAT(DATEDIF(K38,L38,"Y"),"р.", DATEDIF(K38,L38,"ym"),"м.", DATEDIF(K38,L38,"md"),"д.")) -> 8р.10м.12д. | Q38: =DATEDIF(F38,$F$14,"Y") -> 30
B39: 22 | C39: КОВАЛЬОВА | D39: ІРИНА | E39: ФЕДОРІВНА | F39: 22060 | G39: =IF(ISNUMBER(SEARCH("вна",E39)),"жіноча","чоловіча") -> жіноча | H39: =VLOOKUP(_xlfn.CONCAT(C39," ",D39," ",E39),Відділи!B75:C174,2,FALSE) -> Відділ збуту | I39: =DATEDIF(F39,K39,"Y") -> 51 | J39: =IF(I39>=60,"так","ні") -> ні | K39: 40729 | M39: =IF(L39="",_xlfn.CONCAT(DATEDIF(K39,$F$14,"Y"),"р.", DATEDIF(K39,$F$14,"ym"),"м.", DATEDIF(K39,$F$14,"md"),"д."),_xlfn.CONCAT(DATEDIF(K39,L39,"Y"),"р.", DATEDIF(K39,L39,"ym"),"м.", DATEDIF(K39,L39,"md"),"д.")) -> 11р.5м.27д. | Q39: =DATEDIF(F39,$F$14,"Y") -> 62
B40: 23 | C40: КУШНІР | D40: ІГОР | E40: МИКОЛАЙОВИЧ | F40: 26689 | G40: =IF(ISNUMBER(SEARCH("вна",E40)),"жіноча","чоловіча") -> чоловіча | H40: =VLOOKUP(_xlfn.CONCAT(C40," ",D40," ",E40),Відділи!B46:C145,2,FALSE) -> Відділ збуту | I40: =DATEDIF(F40,K40,"Y") -> 42 | J40: =IF(I40>=60,"так","ні") -> ні | K40: 42041 | M40: =IF(L40="",_xlfn.CONCAT(DATEDIF(K40,$F$14,"Y"),"р.", DATEDIF(K40,$F$14,"ym"),"м.", DATEDIF(K40,$F$14,"md"),"д."),_xlfn.CONCAT(DATEDIF(K40,L40,"Y"),"р.", DATEDIF(K40,L40,"ym"),"м.", DATEDIF(K40,L40,"md"),"д.")) -> 7р.10м.26д. | Q40: =DATEDIF(F40,$F$14,"Y") -> 49
B41: 24 | C41: ЛЕВЧЕНКО | D41: ЮЛІЯ | E41: АНДРІЇВНА | F41: 33220 | G41: =IF(ISNUMBER(SEARCH("вна",E41)),"жіноча","чоловіча") -> жіноча | H41: =VLOOKUP(_xlfn.CONCAT(C41," ",D41," ",E41),Відділи!B31:C130,2,FALSE) -> Відділ збуту | I41: =DATEDIF(F41,K41,"Y") -> 16 | J41: =IF(I41>=60,"так","ні") -> ні | K41: 39417 | M41: =IF(L41="",_xlfn.CONCAT(DATEDIF(K41,$F$14,"Y"),"р.", DATEDIF(K41,$F$14,"ym"),"м.", DATEDIF(K41,$F$14,"md"),"д."),_xlfn.CONCAT(DATEDIF(K41,L41,"Y"),"р.", DATEDIF(K41,L41,"ym"),"м.", DATEDIF(K41,L41,"md"),"д.")) -> 15р.1м.0д. | Q41: =DATEDIF(F41,$F$14,"Y") -> 32
B42: 25 | C42: ЛИСЕНКО | D42: МИКОЛА | E42: ВІТАЛІЙОВИЧ | F42: 18715 | G42: =IF(ISNUMBER(SEARCH("вна",E42)),"жіноча","чоловіча") -> чоловіча | H42: =VLOOKUP(_xlfn.CONCAT(C42," ",D42," ",E42),Відділи!B21:C120,2,FALSE) -> Відділ збуту | I42: =DATEDIF(F42,K42,"Y") -> 64 | J42: =IF(I42>=60,"так","ні") -> так | K42: 42233 | M42: =IF(L42="",_xlfn.CONCAT(DATEDIF(K42,$F$14,"Y"),"р.", DATEDIF(K42,$F$14,"ym"),"м.", DATEDIF(K42,$F$14,"md"),"д."),_xlfn.CONCAT(DATEDIF(K42,L42,"Y"),"р.", DATEDIF(K42,L42,"ym"),"м.", DATEDIF(K42,L42,"md"),"д.")) -> 7р.4м.15д. | Q42: =DATEDIF(F42,$F$14,"Y") -> 71
B43: 26 | C43: МАРТИНЮК | D43: АДАМ | E43: ІВАНОВИЧ | F43: 21994 | G43: =IF(ISNUMBER(SEARCH("вна",E43)),"жіноча","чоловіча") -> чоловіча | H43: =VLOOKUP(_xlfn.CONCAT(C43," ",D43," ",E43),Відділи!B48:C147,2,FALSE) -> Відділ збуту | I43: =DATEDIF(F43,K43,"Y") -> 47 | J43: =IF(I43>=60,"так","ні") -> ні | K43: 39257 | M43: =IF(L43="",_xlfn.CONCAT(DATEDIF(K43,$F$14,"Y"),"р.", DATEDIF(K43,$F$14,"ym"),"м.", DATEDIF(K43,$F$14,"md"),"д."),_xlfn.CONCAT(DATEDIF(K43,L43,"Y"),"р.", DATEDIF(K43,L43,"ym"),"м.", DATEDIF(K43,L43,"md"),"д.")) -> 15р.6м.8д. | Q43: =DATEDIF(F43,$F$14,"Y") -> 62
B44: 27 | C44: ТЕРЕЩЕНКО | D44: МИХАЙЛО | E44: ІВАНОВИЧ | F44: 26823 | G44: =IF(ISNUMBER(SEARCH("вна",E44)),"жіноча","чоловіча") -> чоловіча | H44: =VLOOKUP(_xlfn.CONCAT(C44," ",D44," ",E44),Відділи!B66:C165,2,FALSE) -> Відділ збуту | I44: =DATEDIF(F44,K44,"Y") -> 40 | J44: =IF(I44>=60,"так","ні") -> ні | K44: 41626 | L44: 42166 | M44: =IF(L44="",_xlfn.CONCAT(DATEDIF(K44,$F$14,"Y"),"р.", DATEDIF(K44,$F$14,"ym"),"м.", DATEDIF(K44,$F$14,"md"),"д."),_xlfn.CONCAT(DATEDIF(K44,L44,"Y"),"р.", DATEDIF(K44,L44,"ym"),"м.", DATEDIF(K44,L44,"md"),"д.")) -> 1р.5м.24д. | N44: за згодою сторін | Q44: =DATEDIF(F44,$F$14,"Y") -> 49
B45: 28 | C45: ТКАЧУК | D45: ГЕННАДІЙ | E45: ВІТАЛІЙОВИЧ | F45: 31506 | G45: =IF(ISNUMBER(SEARCH("вна",E45)),"жіноча","чоловіча") -> чоловіча | H45: =VLOOKUP(_xlfn.CONCAT(C45," ",D45," ",E45),Відділи!B15:C114,2,FALSE) -> Відділ збуту | I45: =DATEDIF(F45,K45,"Y") -> 24 | J45: =IF(I45>=60,"так","ні") -> ні | K45: 40377 | L45: 42856 | M45: =IF(L45="",_xlfn.CONCAT(DATEDIF(K45,$F$14,"Y"),"р.", DATEDIF(K45,$F$14,"ym"),"м.", DATEDIF(K45,$F$14,"md"),"д."),_xlfn.CONCAT(DATEDIF(K45,L45,"Y"),"р.", DATEDIF(K45,L45,"ym"),"м.", DATEDIF(K45,L45,"md"),"д.")) -> 6р.9м.13д. | N45: за власним бажанням | Q45: =DATEDIF(F45,$F$14,"Y") -> 36
B46: 29 | C46: ІЩЕНКО | D46: МИХАЙЛО | E46: ОЛЕКСІЙОВИЧ | F46: 23629 | G46: =IF(ISNUMBER(SEARCH("вна",E46)),"жіноча","чоловіча") -> чоловіча | H46: =VLOOKUP(_xlfn.CONCAT(C46," ",D46," ",E46),Відділи!B77:C176,2,FALSE) -> Відділ кадрів | I46: =DATEDIF(F46,K46,"Y") -> 50 | J46: =IF(I46>=60,"так","ні") -> ні | K46: 41945 | M46: =IF(L46="",_xlfn.CONCAT(DATEDIF(K46,$F$14,"Y"),"р.", DATEDIF(K46,$F$14,"ym"),"м.", DATEDIF(K46,$F$14,"md"),"д."),_xlfn.CONCAT(DATEDIF(K46,L46,"Y"),"р.", DATEDIF(K46,L46,"ym"),"м.", DATEDIF(K46,L46,"md"),"д.")) -> 8р.1м.30д. | Q46: =DATEDIF(F46,$F$14,"Y") -> 58
B47: 30 | C47: КОВАЛЬЧУК | D47: КИРИЛО | E47: СЕРГІЙОВИЧ | F47: 32759 | G47: =IF(ISNUMBER(SEARCH("вна",E47)),"жіноча","чоловіча") -> чоловіча | H47: =VLOOKUP(_xlfn.CONCAT(C47," ",D47," ",E47),Відділи!B9:C108,2,FALSE) -> Відділ кадрів | I47: =DATEDIF(F47,K47,"Y") -> 19 | J47: =IF(I47>=60,"так","ні") -> ні | K47: 39706 | L47: 42633 | M47: =IF(L47="",_xlfn.CONCAT(DATEDIF(K47,$F$14,"Y"),"р.", DATEDIF(K47,$F$14,"ym"),"м.", DATEDIF(K47,$F$14,"md"),"д."),_xlfn.CONCAT(DATEDIF(K47,L47,"Y"),"р.", DATEDIF(K47,L47,"ym"),"м.", DATEDIF(K47,L47,"md"),"д.")) -> 8р.0м.5д. | N47: не відповідність | Q47: =DATEDIF(F47,$F$14,"Y") -> 33
B48: 31 | C48: КУЛИК | D48: ГРИГОРІЙ | E48: ІВАНОВИЧ | F48: 28427 | G48: =IF(ISNUMBER(SEARCH("вна",E48)),"жіноча","чоловіча") -> чоловіча | H48: =VLOOKUP(_xlfn.CONCAT(C48," ",D48," ",E48),Відділи!B52:C151,2,FALSE) -> Відділ кадрів | I48: =DATEDIF(F48,K48,"Y") -> 35 | J48: =IF(I48>=60,"так","ні") -> ні | K48: 41306 | L48: 43946 | M48: =IF(L48="",_xlfn.CONCAT(DATEDIF(K48,$F$14,"Y"),"р.", DATEDIF(K48,$F$14,"ym"),"м.", DATEDIF(K48,$F$14,"md"),"д."),_xlfn.CONCAT(DATEDIF(K48,L48,"Y"),"р.", DATEDIF(K48,L48,"ym"),"м.", DATEDIF(K48,L48,"md"),"д.")) -> 7р.2м.24д. | N48: скорочення штату | Q48: =DATEDIF(F48,$F$14,"Y") -> 45
B49: 32 | C49: МАЗУР | D49: АЛЛА | E49: ГРИГОРІВНА | F49: 33477 | G49: =IF(ISNUMBER(SEARCH("вна",E49)),"жіноча","чоловіча") -> жіноча | H49: =VLOOKUP(_xlfn.CONCAT(C49," ",D49," ",E49),Відділи!B42:C141,2,FALSE) -> Відділ кадрів | I49: =DATEDIF(F49,K49,"Y") -> 16 | J49: =IF(I49>=60,"так","ні") -> ні | K49: 39514 | L49: 39699 | M49: =IF(L49="",_xlfn.CONCAT(DATEDIF(K49,$F$14,"Y"),"р.", DATEDIF(K49,$F$14,"ym"),"м.", DATEDIF(K49,$F$14,"md"),"д."),_xlfn.CONCAT(DATEDIF(K49,L49,"Y"),"р.", DATEDIF(K49,L49,"ym"),"м.", DATEDIF(K49,L49,"md"),"д.")) -> 0р.6м.1д. | N49: не відповідність | Q49: =DATEDIF(F49,$F$14,"Y") -> 31
B50: 33 | C50: МОСКАЛЕНКО | D50: ЛАРИСА | E50: ВІТАЛІЇВНА | F50: 15393 | G50: =IF(ISNUMBER(SEARCH("вна",E50)),"жіноча","чоловіча") -> жіноча | H50: =VLOOKUP(_xlfn.CONCAT(C50," ",D50," ",E50),Відділи!B84:C183,2,FALSE) -> Відділ кадрів | I50: =DATEDIF(F50,K50,"Y") -> 69 | J50: =IF(I50>=60,"так","ні") -> так | K50: 40697 | L50: 44045 | M50: =IF(L50="",_xlfn.CONCAT(DATEDIF(K50,$F$14,"Y"),"р.", DATEDIF(K50,$F$14,"ym"),"м.", DATEDIF(K50,$F$14,"md"),"д."),_xlfn.CONCAT(DATEDIF(K50,L50,"Y"),"р.", DATEDIF(K50,L50,"ym"),"м.", DATEDIF(K50,L50,"md"),"д.")) -> 9р.1м.30д. | N50: за власним бажанням | Q50: =DATEDIF(F50,$F$14,"Y") -> 80
B51: 34 | C51: ПАНЧЕНКО | D51: ЛЮБОВ | E51: МИХАЙЛІВНА | F51: 25911 | G51: =IF(ISNUMBER(SEARCH("вна",E51)),"жіноча","чоловіча") -> жіноча | H51: =VLOOKUP(_xlfn.CONCAT(C51," ",D51," ",E51),Відділи!B40:C139,2,FALSE) -> Відділ кадрів | I51: =DATEDIF(F51,K51,"Y") -> 36 | J51: =IF(I51>=60,"так","ні") -> ні | K51: 39097 | L51: 39334 | M51: =IF(L51="",_xlfn.CONCAT(DATEDIF(K51,$F$14,"Y"),"р.", DATEDIF(K51,$F$14,"ym"),"м.", DATEDIF(K51,$F$14,"md"),"д."),_xlfn.CONCAT(DATEDIF(K51,L51,"Y"),"р.", DATEDIF(K51,L51,"ym"),"м.", DATEDIF(K51,L51,"md"),"д.")) -> 0р.7м.25д. | N51: за згодою сторін | Q51: =DATEDIF(F51,$F$14,"Y") -> 52
B52: 35 | C52: СЕМЕНЮК | D52: ВАЛЕНТИНА | E52: ПЕТРІВНА | F52: 27879 | G52: =IF(ISNUMBER(SEARCH("вна",E52)),"жіноча","чоловіча") -> жіноча | H52: =VLOOKUP(_xlfn.CONCAT(C52," ",D52," ",E52),Відділи!B55:C154,2,FALSE) -> Відділ кадрів | I52: =DATEDIF(F52,K52,"Y") -> 38 | J52: =IF(I52>=60,"так","ні") -> ні | K52: 41913 | M52: =IF(L52="",_xlfn.CONCAT(DATEDIF(K52,$F$14,"Y"),"р.", DATEDIF(K52,$F$14,"ym"),"м.", DATEDIF(K52,$F$14,"md"),"д."),_xlfn.CONCAT(DATEDIF(K52,L52,"Y"),"р.", DATEDIF(K52,L52,"ym"),"м.", DATEDIF(K52,L52,"md"),"д.")) -> 8р.3м.0д. | Q52: =DATEDIF(F52,$F$14,"Y") -> 46
B53: 36 | C53: ТАРАСЕНКО | D53: КАТЕРИНА | E53: МИКОЛАЇВНА | F53: 29875 | G53: =IF(ISNUMBER(SEARCH("вна",E53)),"жіноча","чоловіча") -> жіноча | H53: =VLOOKUP(_xlfn.CONCAT(C53," ",D53," ",E53),Відділи!B70:C169,2,FALSE) -> Відділ кадрів | I53: =DATEDIF(F53,K53,"Y") -> 25 | J53: =IF(I53>=60,"так","ні") -> ні | K53: 39321 | M53: =IF(L53="",_xlfn.CONCAT(DATEDIF(K53,$F$14,"Y"),"р.", DATEDIF(K53,$F$14,"ym"),"м.", DATEDIF(K53,$F$14,"md"),"д."),_xlfn.CONCAT(DATEDIF(K53,L53,"Y"),"р.", DATEDIF(K53,L53,"ym"),"м.", DATEDIF(K53,L53,"md"),"д.")) -> 15р.4м.5д. | Q53: =DATEDIF(F53,$F$14,"Y") -> 41
B54: 37 | C54: ХОМЕНКО | D54: МИКОЛА | E54: ГРИГОРОВИЧ | F54: 21710 | G54: =IF(ISNUMBER(SEARCH("вна",E54)),"жіноча","чоловіча") -> чоловіча | H54: =VLOOKUP(_xlfn.CONCAT(C54," ",D54," ",E54),Відділи!B43:C142,2,FALSE) -> Відділ кадрів | I54: =DATEDIF(F54,K54,"Y") -> 50 | J54: =IF(I54>=60,"так","ні") -> ні | K54: 40186 | L54: 42650 | M54: =IF(L54="",_xlfn.CONCAT(DATEDIF(K54,$F$14,"Y"),"р.", DATEDIF(K54,$F$14,"ym"),"м.", DATEDIF(K54,$F$14,"md"),"д."),_xlfn.CONCAT(DATEDIF(K54,L54,"Y"),"р.", DATEDIF(K54,L54,"ym"),"м.", DATEDIF(K54,L54,"md"),"д.")) -> 6р.8м.29д. | N54: за згодою сторін | Q54: =DATEDIF(F54,$F$14,"Y") -> 63
B55: 38 | C55: ГАВРИЛЮК | D55: МИХАЙЛО | E55: ВІТАЛІЙОВИЧ | F55: 21569 | G55: =IF(ISNUMBER(SEARCH("вна",E55)),"жіноча","чоловіча") -> чоловіча | H55: =VLOOKUP(_xlfn.CONCAT(C55," ",D55," ",E55),Відділи!B35:C134,2,FALSE) -> Господарський відділ | I55: =DATEDIF(F55,K55,"Y") -> 55 | J55: =IF(I55>=60,"так","ні") -> ні | K55: 41721 | L55: 43575 | M55: =IF(L55="",_xlfn.CONCAT(DATEDIF(K55,$F$14,"Y"),"р.", DATEDIF(K55,$F$14,"ym"),"м.", DATEDIF(K55,$F$14,"md"),"д."),_xlfn.CONCAT(DATEDIF(K55,L55,"Y"),"р.", DATEDIF(K55,L55,"ym"),"м.", DATEDIF(K55,L55,"md"),"д.")) -> 5р.0м.28д. | N55: за власним бажанням | Q55: =DATEDIF(F55,$F$14,"Y") -> 63
B56: 39 | C56: ГЕРАСИМЕНКО | D56: СВІТЛАНА | E56: ІВАНІВНА | F56: 30489 | G56: =IF(ISNUMBER(SEARCH("вна",E56)),"жіноча","чоловіча") -> жіноча | H56: =VLOOKUP(_xlfn.CONCAT(C56," ",D56," ",E56),Відділи!B90:C189,2,FALSE) -> Господарський відділ | I56: =DATEDIF(F56,K56,"Y") -> 26 | J56: =IF(I56>=60,"так","ні") -> ні | K56: 40313 | M56: =IF(L56="",_xlfn.CONCAT(DATEDIF(K56,$F$14,"Y"),"р.", DATEDIF(K56,$F$14,"ym"),"м.", DATEDIF(K56,$F$14,"md"),"д."),_xlfn.CONCAT(DATEDIF(K56,L56,"Y"),"р.", DATEDIF(K56,L56,"ym"),"м.", DATEDIF(K56,L56,"md"),"д.")) -> 12р.7м.17д. | Q56: =DATEDIF(F56,$F$14,"Y") -> 39
B57: 40 | C57: ГОНЧАР | D57: ОЛЕСЬ | E57: ТЕРЕНТІЙОВИЧ | F57: 31700 | G57: =IF(ISNUMBER(SEARCH("вна",E57)),"жіноча","чоловіча") -> чоловіча | H57: =VLOOKUP(_xlfn.CONCAT(C57," ",D57," ",E57),Відділи!B93:C192,2,FALSE) -> Господарський відділ | I57: =DATEDIF(F57,K57,"Y") -> 24 | J57: =IF(I57>=60,"так","ні") -> ні | K57: 40505 | L57: 44492 | M57: =IF(L57="",_xlfn.CONCAT(DATEDIF(K57,$F$14,"Y"),"р.", DATEDIF(K57,$F$14,"ym"),"м.", DATEDIF(K57,$F$14,"md"),"д."),_xlfn.CONCAT(DATEDIF(K57,L57,"Y"),"р.", DATEDIF(K57,L57,"ym"),"м.", DATEDIF(K57,L57,"md"),"д.")) -> 10р.11м.0д. | N57: завершення трудового договору | Q57: =DATEDIF(F57,$F$14,"Y") -> 36
B58: 41 | C58: КОСТЮК | D58: МАРТА | E58: ОЛЕГІВНА | F58: 30057 | G58: =IF(ISNUMBER(SEARCH("вна",E58)),"жіноча","чоловіча") -> жіноча | H58: =VLOOKUP(_xlfn.CONCAT(C58," ",D58," ",E58),Відділи!B54:C153,2,FALSE) -> Господарський відділ | I58: =DATEDIF(F58,K58,"Y") -> 27 | J58: =IF(I58>=60,"так","ні") -> ні | K58: 40218 | L58: 43883 | M58: =IF(L58="",_xlfn.CONCAT(DATEDIF(K58,$F$14,"Y"),"р.", DATEDIF(K58,$F$14,"ym"),"м.", DATEDIF(K58,$F$14,"md"),"д."),_xlfn.CONCAT(DATEDIF(K58,L58,"Y"),"р.", DATEDIF(K58,L58,"ym"),"м.", DATEDIF(K58,L58,"md"),"д.")) -> 10р.0м.13д. | N58: за власним бажанням | Q58: =DATEDIF(F58,$F$14,"Y") -> 40
B59: 42 | C59: КУЗЬМЕНКО | D59: ЮЛІЯ | E59: ЛЕОНІДІВНА | F59: 27653 | G59: =IF(ISNUMBER(SEARCH("вна",E59)),"жіноча","чоловіча") -> жіноча | H59: =VLOOKUP(_xlfn.CONCAT(C59," ",D59," ",E59),Відділи!B27:C126,2,FALSE) -> Господарський відділ | I59: =DATEDIF(F59,K59,"Y") -> 34 | J59: =IF(I59>=60,"так","ні") -> ні | K59: 40154 | L59: 42329 | M59: =IF(L59="",_xlfn.CONCAT(DATEDIF(K59,$F$14,"Y"),"р.", DATEDIF(K59,$F$14,"ym"),"м.", DATEDIF(K59,$F$14,"md"),"д."),_xlfn.CONCAT(DATEDIF(K59,L59,"Y"),"р.", DATEDIF(K59,L59,"ym"),"м.", DATEDIF(K59,L59,"md"),"д.")) -> 5р.11м.14д. | N59: за власним бажанням | Q59: =DATEDIF(F59,$F$14,"Y") -> 47
B60: 43 | C60: ПАВЛЕНКО | D60: ВІКТОР | E60: ОЛЕКСІЙОВИЧ | F60: 17031 | G60: =IF(ISNUMBER(SEARCH("вна",E60)),"жіноча","чоловіча") -> чоловіча | H60: =VLOOKUP(_xlfn.CONCAT(C60," ",D60," ",E60),Відділи!B24:C123,2,FALSE) -> Господарський відділ | I60: =DATEDIF(F60,K60,"Y") -> 67 | J60: =IF(I60>=60,"так","ні") -> так | K60: 41753 | L60: 42085 | M60: =IF(L60="",_xlfn.CONCAT(DATEDIF(K60,$F$14,"Y"),"р.", DATEDIF(K60,$F$14,"ym"),"м.", DATEDIF(K60,$F$14,"md"),"д."),_xlfn.CONCAT(DATEDIF(K60,L60,"Y"),"р.", DATEDIF(K60,L60,"ym"),"м.", DATEDIF(K60,L60,"md"),"д.")) -> 0р.10м.26д. | N60: не відповідність | Q60: =DATEDIF(F60,$F$14,"Y") -> 76
B61: 44 | C61: ПОПОВИЧ | D61: ПАВЛО | E61: РОМАНОВИЧ | F61: 29095 | G61: =IF(ISNUMBER(SEARCH("вна",E61)),"жіноча","чоловіча") -> чоловіча | H61: =VLOOKUP(_xlfn.CONCAT(C61," ",D61," ",E61),Відділи!B44:C143,2,FALSE) -> Господарський відділ | I61: =DATEDIF(F61,K61,"Y") -> 34 | J61: =IF(I61>=60,"так","ні") -> ні | K61: 41658 | L61: 42149 | M61: =IF(L61="",_xlfn.CONCAT(DATEDIF(K61,$F$14,"Y"),"р.", DATEDIF(K61,$F$14,"ym"),"м.", DATEDIF(K61,$F$14,"md"),"д."),_xlfn.CONCAT(DATEDIF(K61,L61,"Y"),"р.", DATEDIF(K61,L61,"ym"),"м.", DATEDIF(K61,L61,"md"),"д.")) -> 1р.4м.6д. | N61: порушення трудового договору | Q61: =DATEDIF(F61,$F$14,"Y") -> 43
B62: 45 | C62: ПРОКОПЕНКО | D62: ДЕНИС | E62: ГЕННАДІЙОВИЧ | F62: 28324 | G62: =IF(ISNUMBER(SEARCH("вна",E62)),"жіноча","чоловіча") -> чоловіча | H62: =VLOOKUP(_xlfn.CONCAT(C62," ",D62," ",E62),Відділи!B97:C196,2,FALSE) -> Господарський відділ | I62: =DATEDIF(F62,K62,"Y") -> 33 | J62: =IF(I62>=60,"так","ні") -> ні | K62: 40441 | L62: 43414 | M62: =IF(L62="",_xlfn.CONCAT(DATEDIF(K62,$F$14,"Y"),"р.", DATEDIF(K62,$F$14,"ym"),"м.", DATEDIF(K62,$F$14,"md"),"д."),_xlfn.CONCAT(DATEDIF(K62,L62,"Y"),"р.", DATEDIF(K62,L62,"ym"),"м.", DATEDIF(K62,L62,"md"),"д.")) -> 8р.1м.21д. | N62: за власним бажанням | Q62: =DATEDIF(F62,$F$14,"Y") -> 45
B63: 46 | C63: ТКАЧЕНКО | D63: ОЛЕКСАНДР | E63: МИКОЛАЙОВИЧ | F63: 14246 | G63: =IF(ISNUMBER(SEARCH("вна",E63)),"жіноча","чоловіча") -> чоловіча | H63: =VLOOKUP(_xlfn.CONCAT(C63," ",D63," ",E63),Відділи!B7:C106,2,FALSE) -> Господарський відділ | I63: =DATEDIF(F63,K63,"Y") -> 75 | J63: =IF(I63>=60,"так","ні") -> так | K63: 41881 | L63: 43076 | M63: =IF(L63="",_xlfn.CONCAT(DATEDIF(K63,$F$14,"Y"),"р.", DATEDIF(K63,$F$14,"ym"),"м.", DATEDIF(K63,$F$14,"md"),"д."),_xlfn.CONCAT(DATEDIF(K63,L63,"Y"),"р.", DATEDIF(K63,L63,"ym"),"м.", DATEDIF(K63,L63,"md"),"д.")) -> 3р.3м.7д. | N63: за власним бажанням | Q63: =DATEDIF(F63,$F$14,"Y") -> 84
B64: 47 | C64: ШЕВЧУК | D64: СВЯТОСЛАВ | E64: ЮРІЙОВИЧ | F64: 19494 | G64: =IF(ISNUMBER(SEARCH("вна",E64)),"жіноча","чоловіча") -> чоловіча | H64: =VLOOKUP(_xlfn.CONCAT(C64," ",D64," ",E64),Відділи!B12:C111,2,FALSE) -> Господарський відділ | I64: =DATEDIF(F64,K64,"Y") -> 59 | J64: =IF(I64>=60,"так","ні") -> ні | K64: 41114 | L64: 44251 | M64: =IF(L64="",_xlfn.CONCAT(DATEDIF(K64,$F$14,"Y"),"р.", DATEDIF(K64,$F$14,"ym"),"м.", DATEDIF(K64,$F$14,"md"),"д."),_xlfn.CONCAT(DATEDIF(K64,L64,"Y"),"р.", DATEDIF(K64,L64,"ym"),"м.", DATEDIF(K64,L64,"md"),"д.")) -> 8р.7м.0д. | N64: за власним бажанням | Q64: =DATEDIF(F64,$F$14,"Y") -> 69
B65: 48 | C65: ВАСИЛЕНКО | D65: МИКОЛА | E65: ПРОКОПОВИЧ | F65: 33895 | G65: =IF(ISNUMBER(SEARCH("вна",E65)),"жіноча","чоловіча") -> чоловіча | H65: =VLOOKUP(_xlfn.CONCAT(C65," ",D65," ",E65),Відділи!B30:C129,2,FALSE) -> Дирекція | I65: =DATEDIF(F65,K65,"Y") -> 16 | J65: =IF(I65>=60,"так","ні") -> ні | K65: 39898 | L65: 39910 | M65: =IF(L65="",_xlfn.CONCAT(DATEDIF(K65,$F$14,"Y"),"р.", DATEDIF(K65,$F$14,"ym"),"м.", DATEDIF(K65,$F$14,"md"),"д."),_xlfn.CONCAT(DATEDIF(K65,L65,"Y"),"р.", DATEDIF(K65,L65,"ym"),"м.", DATEDIF(K65,L65,"md"),"д.")) -> 0р.0м.12д. | N65: за власним бажанням | Q65: =DATEDIF(F65,$F$14,"Y") -> 30
B66: 49 | C66: ГУМЕНЮК | D66: НАТАЛІЯ | E66: ПЕТРІВНА | F66: 33108 | G66: =IF(ISNUMBER(SEARCH("вна",E66)),"жіноча","чоловіча") -> жіноча | H66: =VLOOKUP(_xlfn.CONCAT(C66," ",D66," ",E66),Відділи!B87:C186,2,FALSE) -> Дирекція | I66: =DATEDIF(F66,K66,"Y") -> 23 | J66: =IF(I66>=60,"так","ні") -> ні | K66: 41562 | M66: =IF(L66="",_xlfn.CONCAT(DATEDIF(K66,$F$14,"Y"),"р.", DATEDIF(K66,$F$14,"ym"),"м.", DATEDIF(K66,$F$14,"md"),"д."),_xlfn.CONCAT(DATEDIF(K66,L66,"Y"),"р.", DATEDIF(K66,L66,"ym"),"м.", DATEDIF(K66,L66,"md"),"д.")) -> 9р.2м.17д. | Q66: =DATEDIF(F66,$F$14,"Y") -> 32
B67: 50 | C67: КАРПЕНКО | D67: ВІТАЛІЙ | E67: ОПАНАСОВИЧ | F67: 22516 | G67: =IF(ISNUMBER(SEARCH("вна",E67)),"жіноча","чоловіча") -> чоловіча | H67: =VLOOKUP(_xlfn.CONCAT(C67," ",D67," ",E67),Відділи!B34:C133,2,FALSE) -> Дирекція | I67: =DATEDIF(F67,K67,"Y") -> 46 | J67: =IF(I67>=60,"так","ні") -> ні | K67: 39674 | L67: 42213 | M67: =IF(L67="",_xlfn.CONCAT(DATEDIF(K67,$F$14,"Y"),"р.", DATEDIF(K67,$F$14,"ym"),"м.", DATEDIF(K67,$F$14,"md"),"д."),_xlfn.CONCAT(DATEDIF(K67,L67,"Y"),"р.", DATEDIF(K67,L67,"ym"),"м.", DATEDIF(K67,L67,"md"),"д.")) -> 6р.11м.14д. | N67: за згодою сторін | Q67: =DATEDIF(F67,$F$14,"Y") -> 61
B68: 51 | C68: КОЛЕСНИК | D68: ЄВДОКІЯ | E68: ВАСИЛІВНА | F68: 28525 | G68: =IF(ISNUMBER(SEARCH("вна",E68)),"жіноча","чоловіча") -> жіноча | H68: =VLOOKUP(_xlfn.CONCAT(C68," ",D68," ",E68),Відділи!B67:C166,2,FALSE) -> Дирекція | I68: =DATEDIF(F68,K68,"Y") -> 32 | J68: =IF(I68>=60,"так","ні") -> ні | K68: 40473 | L68: 41983 | M68: =IF(L68="",_xlfn.CONCAT(DATEDIF(K68,$F$14,"Y"),"р.", DATEDIF(K68,$F$14,"ym"),"м.", DATEDIF(K68,$F$14,"md"),"д."),_xlfn.CONCAT(DATEDIF(K68,L68,"Y"),"р.", DATEDIF(K68,L68,"ym"),"м.", DATEDIF(K68,L68,"md"),"д.")) -> 4р.1м.18д. | N68: за власним бажанням | Q68: =DATEDIF(F68,$F$14,"Y") -> 44
B69: 52 | C69: КРАВЕЦЬ | D69: ІНЕСА | E69: МИКОЛАЇВНА | F69: 24147 | G69: =IF(ISNUMBER(SEARCH("вна",E69)),"жіноча","чоловіча") -> жіноча | H69: =VLOOKUP(_xlfn.CONCAT(C69," ",D69," ",E69),Відділи!B58:C157,2,FALSE) -> Дирекція | I69: =DATEDIF(F69,K69,"Y") -> 45 | J69: =IF(I69>=60,"так","ні") -> ні | K69: 40857 | L69: 42512 | M69: =IF(L69="",_xlfn.CONCAT(DATEDIF(K69,$F$14,"Y"),"р.", DATEDIF(K69,$F$14,"ym"),"м.", DATEDIF(K69,$F$14,"md"),"д."),_xlfn.CONCAT(DATEDIF(K69,L69,"Y"),"р.", DATEDIF(K69,L69,"ym"),"м.", DATEDIF(K69,L69,"md"),"д.")) -> 4р.6м.12д. | N69: за власним бажанням | Q69: =DATEDIF(F69,$F$14,"Y") -> 56
B70: 53 | C70: КРАВЧЕНКО | D70: ВІКТОР | E70: АНДРІЙОВИЧ | F70: 21218 | G70: =IF(ISNUMBER(SEARCH("вна",E70)),"жіноча","чоловіча") -> чоловіча | H70: =VLOOKUP(_xlfn.CONCAT(C70," ",D70," ",E70),Відділи!B8:C107,2,FALSE) -> Дирекція | I70: =DATEDIF(F70,K70,"Y") -> 54 | J70: =IF(I70>=60,"так","ні") -> ні | K70: 41210 | L70: 43091 | M70: =IF(L70="",_xlfn.CONCAT(DATEDIF(K70,$F$14,"Y"),"р.", DATEDIF(K70,$F$14,"ym"),"м.", DATEDIF(K70,$F$14,"md"),"д."),_xlfn.CONCAT(DATEDIF(K70,L70,"Y"),"р.", DATEDIF(K70,L70,"ym"),"м.", DATEDIF(K70,L70,"md"),"д.")) -> 5р.1м.24д. | N70: за власним бажанням | Q70: =DATEDIF(F70,$F$14,"Y") -> 64
B71: 54 | C71: НЕСТЕРЕНКО | D71: ОЛЕКСАНДР | E71: ВОЛОДИМИРОВИЧ | F71: 23710 | G71: =IF(ISNUMBER(SEARCH("вна",E71)),"жіноча","чоловіча") -> чоловіча | H71: =VLOOKUP(_xlfn.CONCAT(C71," ",D71," ",E71),Відділи!B65:C164,2,FALSE) -> Дирекція | I71: =DATEDIF(F71,K71,"Y") -> 50 | J71: =IF(I71>=60,"так","ні") -> ні | K71: 42105 | L71: 42627 | M71: =IF(L71="",_xlfn.CONCAT(DATEDIF(K71,$F$14,"Y"),"р.", DATEDIF(K71,$F$14,"ym"),"м.", DATEDIF(K71,$F$14,"md"),"д."),_xlfn.CONCAT(DATEDIF(K71,L71,"Y"),"р.", DATEDIF(K71,L71,"ym"),"м.", DATEDIF(K71,L71,"md"),"д.")) -> 1р.5м.3д. | N71: за власним бажанням | Q71: =DATEDIF(F71,$F$14,"Y") -> 58
B72: 55 | C72: ПОПОВА | D72: НАДІЯ | E72: МАРКІВНА | F72: 13685 | G72: =IF(ISNUMBER(SEARCH("вна",E72)),"жіноча","чоловіча") -> жіноча | H72: =VLOOKUP(_xlfn.CONCAT(C72," ",D72," ",E72),Відділи!B38:C137,2,FALSE) -> Дирекція | I72: =DATEDIF(F72,K72,"Y") -> 72 | J72: =IF(I72>=60,"так","ні") -> так | K72: 39994 | L72: 40350 | M72: =IF(L72="",_xlfn.CONCAT(DATEDIF(K72,$F$14,"Y"),"р.", DATEDIF(K72,$F$14,"ym"),"м.", DATEDIF(K72,$F$14,"md"),"д."),_xlfn.CONCAT(DATEDIF(K72,L72,"Y"),"р.", DATEDIF(K72,L72,"ym"),"м.", DATEDIF(K72,L72,"md"),"д.")) -> 0р.11м.22д. | N72: за згодою сторін | Q72: =DATEDIF(F72,$F$14,"Y") -> 85
B73: 56 | C73: САВЧЕНКО | D73: НАДІЯ | E73: ВІКТОРІВНА | F73: 23831 | G73: =IF(ISNUMBER(SEARCH("вна",E73)),"жіноча","чоловіча") -> жіноча | H73: =VLOOKUP(_xlfn.CONCAT(C73," ",D73," ",E73),Відділи!B16:C115,2,FALSE) -> Дирекція | I73: =DATEDIF(F73,K73,"Y") -> 42 | J73: =IF(I73>=60,"так","ні") -> ні | K73: 39385 | L73: 42249 | M73: =IF(L73="",_xlfn.CONCAT(DATEDIF(K73,$F$14,"Y"),"р.", DATEDIF(K73,$F$14,"ym"),"м.", DATEDIF(K73,$F$14,"md"),"д."),_xlfn.CONCAT(DATEDIF(K73,L73,"Y"),"р.", DATEDIF(K73,L73,"ym"),"м.", DATEDIF(K73,L73,"md"),"д.")) -> 7р.10м.3д. | N73: не відповідність | Q73: =DATEDIF(F73,$F$14,"Y") -> 57
B74: 57 | C74: СТЕПАНЕНКО | D74: ТАРАС | E74: МИКОЛАЙОВИЧ | F74: 29826 | G74: =IF(ISNUMBER(SEARCH("вна",E74)),"жіноча","чоловіча") -> чоловіча | H74: =VLOOKUP(_xlfn.CONCAT(C74," ",D74," ",E74),Відділи!B96:C195,2,FALSE) -> Дирекція | I74: =DATEDIF(F74,K74,"Y") -> 27 | J74: =IF(I74>=60,"так","ні") -> ні | K74: 39770 | L74: 42842 | M74: =IF(L74="",_xlfn.CONCAT(DATEDIF(K74,$F$14,"Y"),"р.", DATEDIF(K74,$F$14,"ym"),"м.", DATEDIF(K74,$F$14,"md"),"д."),_xlfn.CONCAT(DATEDIF(K74,L74,"Y"),"р.", DATEDIF(K74,L74,"ym"),"м.", DATEDIF(K74,L74,"md"),"д.")) -> 8р.4м.30д. | N74: не відповідність | Q74: =DATEDIF(F74,$F$14,"Y") -> 41
B75: 58 | C75: БАБЕНКО | D75: МИКОЛА | E75: АНДРІЙОВИЧ | F75: 17065 | G75: =IF(ISNUMBER(SEARCH("вна",E75)),"жіноча","чоловіча") -> чоловіча | H75: =VLOOKUP(_xlfn.CONCAT(C75," ",D75," ",E75),Відділи!B79:C178,2,FALSE) -> Маркетинговий відділ | I75: =DATEDIF(F75,K75,"Y") -> 67 | J75: =IF(I75>=60,"так","ні") -> так | K75: 41785 | M75: =IF(L75="",_xlfn.CONCAT(DATEDIF(K75,$F$14,"Y"),"р.", DATEDIF(K75,$F$14,"ym"),"м.", DATEDIF(K75,$F$14,"md"),"д."),_xlfn.CONCAT(DATEDIF(K75,L75,"Y"),"р.", DATEDIF(K75,L75,"ym"),"м.", DATEDIF(K75,L75,"md"),"д.")) -> 8р.7м.6д. | Q75: =DATEDIF(F75,$F$14,"Y") -> 76
B76: 59 | C76: БОНДАРЕНКО | D76: ОЛЕНА | E76: АНАТОЛІЇВНА | F76: 29167 | G76: =IF(ISNUMBER(SEARCH("вна",E76)),"жіноча","чоловіча") -> жіноча | H76: =VLOOKUP(_xlfn.CONCAT(C76," ",D76," ",E76),Відділи!B5:C104,2,FALSE) -> Маркетинговий відділ | I76: =DATEDIF(F76,K76,"Y") -> 28 | J76: =IF(I76>=60,"так","ні") -> ні | K76: 39610 | L76: 43357 | M76: =IF(L76="",_xlfn.CONCAT(DATEDIF(K76,$F$14,"Y"),"р.", DATEDIF(K76,$F$14,"ym"),"м.", DATEDIF(K76,$F$14,"md"),"д."),_xlfn.CONCAT(DATEDIF(K76,L76,"Y"),"р.", DATEDIF(K76,L76,"ym"),"м.", DATEDIF(K76,L76,"md"),"д.")) -> 10р.3м.3д. | N76: за згодою сторін | Q76: =DATEDIF(F76,$F$14,"Y") -> 43
B77: 60 | C77: ВЛАСЕНКО | D77: СЕРГІЙ | E77: ВОЛОДИМИРОВИЧ | F77: 28938 | G77: =IF(ISNUMBER(SEARCH("вна",E77)),"жіноча","чоловіча") -> чоловіча | H77: =VLOOKUP(_xlfn.CONCAT(C77," ",D77," ",E77),Відділи!B86:C185,2,FALSE) -> Маркетинговий відділ | I77: =DATEDIF(F77,K77,"Y") -> 35 | J77: =IF(I77>=60,"так","ні") -> ні | K77: 41817 | M77: =IF(L77="",_xlfn.CONCAT(DATEDIF(K77,$F$14,"Y"),"р.", DATEDIF(K77,$F$14,"ym"),"м.", DATEDIF(K77,$F$14,"md"),"д."),_xlfn.CONCAT(DATEDIF(K77,L77,"Y"),"р.", DATEDIF(K77,L77,"ym"),"м.", DATEDIF(K77,L77,"md"),"д.")) -> 8р.6м.5д. | Q77: =DATEDIF(F77,$F$14,"Y") -> 43
B78: 61 | C78: ДЯЧЕНКО | D78: АНАТОЛІЙ | E78: МИКОЛАЙОВИЧ | F78: 31922 | G78: =IF(ISNUMBER(SEARCH("вна",E78)),"жіноча","чоловіча") -> чоловіча | H78: =VLOOKUP(_xlfn.CONCAT(C78," ",D78," ",E78),Відділи!B74:C173,2,FALSE) -> Маркетинговий відділ | I78: =DATEDIF(F78,K78,"Y") -> 24 | J78: =IF(I78>=60,"так","ні") -> ні | K78: 41018 | L78: 43608 | M78: =IF(L78="",_xlfn.CONCAT(DATEDIF(K78,$F$14,"Y"),"р.", DATEDIF(K78,$F$14,"ym"),"м.", DATEDIF(K78,$F$14,"md"),"д."),_xlfn.CONCAT(DATEDIF(K78,L78,"Y"),"р.", DATEDIF(K78,L78,"ym"),"м.", DATEDIF(K78,L78,"md"),"д.")) -> 7р.1м.4д. | N78: не відповідність | Q78: =DATEDIF(F78,$F$14,"Y") -> 35
B79: 62 | C79: КЛИМЕНКО | D79: ОЛЕКСАНДР | E79: ВІКТОРОВИЧ | F79: 21341 | G79: =IF(ISNUMBER(SEARCH("вна",E79)),"жіноча","чоловіча") -> чоловіча | H79: =VLOOKUP(_xlfn.CONCAT(C79," ",D79," ",E79),Відділи!B23:C122,2,FALSE) -> Маркетинговий відділ | I79: =DATEDIF(F79,K79,"Y") -> 52 | J79: =IF(I79>=60,"так","ні") -> ні | K79: 40569 | L79: 43935 | M79: =IF(L79="",_xlfn.CONCAT(DATEDIF(K79,$F$14,"Y"),"р.", DATEDIF(K79,$F$14,"ym"),"м.", DATEDIF(K79,$F$14,"md"),"д."),_xlfn.CONCAT(DATEDIF(K79,L79,"Y"),"р.", DATEDIF(K79,L79,"ym"),"м.", DATEDIF(K79,L79,"md"),"д.")) -> 9р.2м.19д. | N79: за згодою сторін | Q79: =DATEDIF(F79,$F$14,"Y") -> 64
B80: 63 | C80: КОЗАК | D80: ТАРАС | E80: РОМАНОВИЧ | F80: 32683 | G80: =IF(ISNUMBER(SEARCH("вна",E80)),"жіноча","чоловіча") -> чоловіча | H80: =VLOOKUP(_xlfn.CONCAT(C80," ",D80," ",E80),Відділи!B60:C159,2,FALSE) -> Маркетинговий відділ | I80: =DATEDIF(F80,K80,"Y") -> 20 | J80: =IF(I80>=60,"так","ні") -> ні | K80: 40281 | M80: =IF(L80="",_xlfn.CONCAT(DATEDIF(K80,$F$14,"Y"),"р.", DATEDIF(K80,$F$14,"ym"),"м.", DATEDIF(K80,$F$14,"md"),"д."),_xlfn.CONCAT(DATEDIF(K80,L80,"Y"),"р.", DATEDIF(K80,L80,"ym"),"м.", DATEDIF(K80,L80,"md"),"д.")) -> 12р.8м.19д. | Q80: =DATEDIF(F80,$F$14,"Y") -> 33
B81: 64 | C81: КРАВЧУК | D81: ЛЕОНІД | E81: МАКАРОВИЧ | F81: 31330 | G81: =IF(ISNUMBER(SEARCH("вна",E81)),"жіноча","чоловіча") -> чоловіча | H81: =VLOOKUP(_xlfn.CONCAT(C81," ",D81," ",E81),Відділи!B25:C124,2,FALSE) -> Маркетинговий відділ | I81: =DATEDIF(F81,K81,"Y") -> 26 | J81: =IF(I81>=60,"так","ні") -> ні | K81: 41082 | L81: 43222 | M81: =IF(L81="",_xlfn.CONCAT(DATEDIF(K81,$F$14,"Y"),"р.", DATEDIF(K81,$F$14,"ym"),"м.", DATEDIF(K81,$F$14,"md"),"д."),_xlfn.CONCAT(DATEDIF(K81,L81,"Y"),"р.", DATEDIF(K81,L81,"ym"),"м.", DATEDIF(K81,L81,"md"),"д.")) -> 5р.10м.10д. | N81: скорочення штату | Q81: =DATEDIF(F81,$F$14,"Y") -> 37
B82: 65 | C82: ПЕТРЕНКО | D82: МИХАЙЛО | E82: МИКОЛАЙОВИЧ | F82: 24172 | G82: =IF(ISNUMBER(SEARCH("вна",E82)),"жіноча","чоловіча") -> чоловіча | H82: =VLOOKUP(_xlfn.CONCAT(C82," ",D82," ",E82),Відділи!B22:C121,2,FALSE) -> Маркетинговий відділ | I82: =DATEDIF(F82,K82,"Y") -> 45 | J82: =IF(I82>=60,"так","ні") -> ні | K82: 40793 | L82: 41565 | M82: =IF(L82="",_xlfn.CONCAT(DATEDIF(K82,$F$14,"Y"),"р.", DATEDIF(K82,$F$14,"ym"),"м.", DATEDIF(K82,$F$14,"md"),"д."),_xlfn.CONCAT(DATEDIF(K82,L82,"Y"),"р.", DATEDIF(K82,L82,"ym"),"м.", DATEDIF(K82,L82,"md"),"д.")) -> 2р.1м.11д. | N82: скорочення штату | Q82: =DATEDIF(F82,$F$14,"Y") -> 56
B83: 66 | C83: ПОПОВ | D83: ЛЕОНІД | E83: ІВАНОВИЧ | F83: 31356 | G83: =IF(ISNUMBER(SEARCH("вна",E83)),"жіноча","чоловіча") -> чоловіча | H83: =VLOOKUP(_xlfn.CONCAT(C83," ",D83," ",E83),Відділи!B68:C167,2,FALSE) -> Маркетинговий відділ | I83: =DATEDIF(F83,K83,"Y") -> 26 | J83: =IF(I83>=60,"так","ні") -> ні | K83: 41146 | L83: 41619 | M83: =IF(L83="",_xlfn.CONCAT(DATEDIF(K83,$F$14,"Y"),"р.", DATEDIF(K83,$F$14,"ym"),"м.", DATEDIF(K83,$F$14,"md"),"д."),_xlfn.CONCAT(DATEDIF(K83,L83,"Y"),"р.", DATEDIF(K83,L83,"ym"),"м.", DATEDIF(K83,L83,"md"),"д.")) -> 1р.3м.16д. | N83: за власним бажанням | Q83: =DATEDIF(F83,$F$14,"Y") -> 37
B84: 67 | C84: СЕРГІЄНКО | D84: РАЇСА | E84: МИХАЙЛІВНА | F84: 29855 | G84: =IF(ISNUMBER(SEARCH("вна",E84)),"жіноча","чоловіча") -> жіноча | H84: =VLOOKUP(_xlfn.CONCAT(C84," ",D84," ",E84),Відділи!B91:C190,2,FALSE) -> Маркетинговий відділ | I84: =DATEDIF(F84,K84,"Y") -> 27 | J84: =IF(I84>=60,"так","ні") -> ні | K84: 39866 | L84: 40131 | M84: =IF(L84="",_xlfn.CONCAT(DATEDIF(K84,$F$14,"Y"),"р.", DATEDIF(K84,$F$14,"ym"),"м.", DATEDIF(K84,$F$14,"md"),"д."),_xlfn.CONCAT(DATEDIF(K84,L84,"Y"),"р.", DATEDIF(K84,L84,"ym"),"м.", DATEDIF(K84,L84,"md"),"д.")) -> 0р.8м.23д. | N84: не відповідність | Q84: =DATEDIF(F84,$F$14,"Y") -> 41
B85: 68 | C85: СИДОРЕНКО | D85: ВІКТОР | E85: ДМИТРОВИЧ | F85: 28032 | G85: =IF(ISNUMBER(SEARCH("вна",E85)),"жіноча","чоловіча") -> чоловіча | H85: =VLOOKUP(_xlfn.CONCAT(C85," ",D85," ",E85),Відділи!B33:C132,2,FALSE) -> Маркетинговий відділ | I85: =DATEDIF(F85,K85,"Y") -> 36 | J85: =IF(I85>=60,"так","ні") -> ні | K85: 41498 | M85: =IF(L85="",_xlfn.CONCAT(DATEDIF(K85,$F$14,"Y"),"р.", DATEDIF(K85,$F$14,"ym"),"м.", DATEDIF(K85,$F$14,"md"),"д."),_xlfn.CONCAT(DATEDIF(K85,L85,"Y"),"р.", DATEDIF(K85,L85,"ym"),"м.", DATEDIF(K85,L85,"md"),"д.")) -> 9р.4м.20д. | Q85: =DATEDIF(F85,$F$14,"Y") -> 46
B86: 69 | C86: ФЕДОРЕНКО | D86: БОРИС | E86: МИХАЙЛОВИЧ | F86: 29974 | G86: =IF(ISNUMBER(SEARCH("вна",E86)),"жіноча","чоловіча") -> чоловіча | H86: =VLOOKUP(_xlfn.CONCAT(C86," ",D86," ",E86),Відділи!B62:C161,2,FALSE) -> Маркетинговий відділ | I86: =DATEDIF(F86,K86,"Y") -> 28 | J86: =IF(I86>=60,"так","ні") -> ні | K86: 40537 | M86: =IF(L86="",_xlfn.CONCAT(DATEDIF(K86,$F$14,"Y"),"р.", DATEDIF(K86,$F$14,"ym"),"м.", DATEDIF(K86,$F$14,"md"),"д."),_xlfn.CONCAT(DATEDIF(K86,L86,"Y"),"р.", DATEDIF(K86,L86,"ym"),"м.", DATEDIF(K86,L86,"md"),"д.")) -> 12р.0м.7д. | Q86: =DATEDIF(F86,$F$14,"Y") -> 40
B87: 70 | C87: ХАРЧЕНКО | D87: МАРІЯ | E87: ФЕДОРІВНА | F87: 25737 | G87: =IF(ISNUMBER(SEARCH("вна",E87)),"жіноча","чоловіча") -> жіноча | H87: =VLOOKUP(_xlfn.CONCAT(C87," ",D87," ",E87),Відділи!B32:C131,2,FALSE) -> Маркетинговий відділ | I87: =DATEDIF(F87,K87,"Y") -> 42 | J87: =IF(I87>=60,"так","ні") -> ні | K87: 41338 | L87: 44270 | M87: =IF(L87="",_xlfn.CONCAT(DATEDIF(K87,$F$14,"Y"),"р.", DATEDIF(K87,$F$14,"ym"),"м.", DATEDIF(K87,$F$14,"md"),"д."),_xlfn.CONCAT(DATEDIF(K87,L87,"Y"),"р.", DATEDIF(K87,L87,"ym"),"м.", DATEDIF(K87,L87,"md"),"д.")) -> 8р.0м.10д. | N87: не відповідність | Q87: =DATEDIF(F87,$F$14,"Y") -> 52
B88: 71 | C88: ДЕМЧЕНКО | D88: ТЕТЯНА | E88: ВАСИЛІВНА | F88: 33948 | G88: =IF(ISNUMBER(SEARCH("вна",E88)),"жіноча","чоловіча") -> жіноча | H88: =VLOOKUP(_xlfn.CONCAT(C88," ",D88," ",E88),Відділи!B73:C172,2,FALSE) -> Фінансовий відділ | I88: =DATEDIF(F88,K88,"Y") -> 16 | J88: =IF(I88>=60,"так","ні") -> ні | K88: 39930 | L88: 41931 | M88: =IF(L88="",_xlfn.CONCAT(DATEDIF(K88,$F$14,"Y"),"р.", DATEDIF(K88,$F$14,"ym"),"м.", DATEDIF(K88,$F$14,"md"),"д."),_xlfn.CONCAT(DATEDIF(K88,L88,"Y"),"р.", DATEDIF(K88,L88,"ym"),"м.", DATEDIF(K88,L88,"md"),"д.")) -> 5р.5м.22д. | N88: не відповідність | Q88: =DATEDIF(F88,$F$14,"Y") -> 30
B89: 72 | C89: ЗІНЧЕНКО | D89: ОЛЕКСАНДР | E89: ВОЛОДИМИРОВИЧ | F89: 34631 | G89: =IF(ISNUMBER(SEARCH("вна",E89)),"жіноча","чоловіча") -> чоловіча | H89: =VLOOKUP(_xlfn.CONCAT(C89," ",D89," ",E89),Відділи!B69:C168,2,FALSE) -> Фінансовий відділ | I89: =DATEDIF(F89,K89,"Y") -> 13 | J89: =IF(I89>=60,"так","ні") -> ні | K89: 39738 | L89: 43459 | M89: =IF(L89="",_xlfn.CONCAT(DATEDIF(K89,$F$14,"Y"),"р.", DATEDIF(K89,$F$14,"ym"),"м.", DATEDIF(K89,$F$14,"md"),"д."),_xlfn.CONCAT(DATEDIF(K89,L89,"Y"),"р.", DATEDIF(K89,L89,"ym"),"м.", DATEDIF(K89,L89,"md"),"д.")) -> 10р.2м.8д. | N89: скорочення штату | Q89: =DATEDIF(F89,$F$14,"Y") -> 28
B90: 73 | C90: КОВАЛЕНКО | D90: АННА | E90: МИКОЛАЇВНА | F90: 23852 | G90: =IF(ISNUMBER(SEARCH("вна",E90)),"жіноча","чоловіча") -> жіноча | H90: =VLOOKUP(_xlfn.CONCAT(C90," ",D90," ",E90),Відділи!B4:C103,2,FALSE) -> Фінансовий відділ | I90: =DATEDIF(F90,K90,"Y") -> 47 | J90: =IF(I90>=60,"так","ні") -> ні | K90: 41050 | L90: 44836 | M90: =IF(L90="",_xlfn.CONCAT(DATEDIF(K90,$F$14,"Y"),"р.", DATEDIF(K90,$F$14,"ym"),"м.", DATEDIF(K90,$F$14,"md"),"д."),_xlfn.CONCAT(DATEDIF(K90,L90,"Y"),"р.", DATEDIF(K90,L90,"ym"),"м.", DATEDIF(K90,L90,"md"),"д.")) -> 10р.4м.11д. | N90: за власним бажанням | Q90: =DATEDIF(F90,$F$14,"Y") -> 57
B91: 74 | C91: КОЛОМІЄЦЬ | D91: ВОЛОДИМИР | E91: РОДІОНОВИЧ | F91: 28342 | G91: =IF(ISNUMBER(SEARCH("вна",E91)),"жіноча","чоловіча") -> чоловіча | H91: =VLOOKUP(_xlfn.CONCAT(C91," ",D91," ",E91),Відділи!B59:C158,2,FALSE) -> Фінансовий відділ | I91: =DATEDIF(F91,K91,"Y") -> 29 | J91: =IF(I91>=60,"так","ні") -> ні | K91: 39289 | M91: =IF(L91="",_xlfn.CONCAT(DATEDIF(K91,$F$14,"Y"),"р.", DATEDIF(K91,$F$14,"ym"),"м.", DATEDIF(K91,$F$14,"md"),"д."),_xlfn.CONCAT(DATEDIF(K91,L91,"Y"),"р.", DATEDIF(K91,L91,"ym"),"м.", DATEDIF(K91,L91,"md"),"д.")) -> 15р.5м.6д. | Q91: =DATEDIF(F91,$F$14,"Y") -> 45
B92: 75 | C92: КОРНІЄНКО | D92: ОЛЕКСАНДР | E92: СЕРГІЙОВИЧ | F92: 22944 | G92: =IF(ISNUMBER(SEARCH("вна",E92)),"жіноча","чоловіча") -> чоловіча | H92: =VLOOKUP(_xlfn.CONCAT(C92," ",D92," ",E92),Відділи!B92:C191,2,FALSE) -> Фінансовий відділ | I92: =DATEDIF(F92,K92,"Y") -> 52 | J92: =IF(I92>=60,"так","ні") -> ні | K92: 42265 | L92: 43794 | M92: =IF(L92="",_xlfn.CONCAT(DATEDIF(K92,$F$14,"Y"),"р.", DATEDIF(K92,$F$14,"ym"),"м.", DATEDIF(K92,$F$14,"md"),"д."),_xlfn.CONCAT(DATEDIF(K92,L92,"Y"),"р.", DATEDIF(K92,L92,"ym"),"м.", DATEDIF(K92,L92,"md"),"д.")) -> 4р.2м.7д. | N92: за власним бажанням | Q92: =DATEDIF(F92,$F$14,"Y") -> 60
B93: 76 | C93: МАРТИНЕНКО | D93: МИКОЛА | E93: ВОЛОДИМИРОВИЧ | F93: 32729 | G93: =IF(ISNUMBER(SEARCH("вна",E93)),"жіноча","чоловіча") -> чоловіча | H93: =VLOOKUP(_xlfn.CONCAT(C93," ",D93," ",E93),Відділи!B94:C193,2,FALSE) -> Фінансовий відділ | I93: =DATEDIF(F93,K93,"Y") -> 23 | J93: =IF(I93>=60,"так","ні") -> ні | K93: 41242 | M93: =IF(L93="",_xlfn.CONCAT(DATEDIF(K93,$F$14,"Y"),"р.", DATEDIF(K93,$F$14,"ym"),"м.", DATEDIF(K93,$F$14,"md"),"д."),_xlfn.CONCAT(DATEDIF(K93,L93,"Y"),"р.", DATEDIF(K93,L93,"ym"),"м.", DATEDIF(K93,L93,"md"),"д.")) -> 10р.1м.3д. | Q93: =DATEDIF(F93,$F$14,"Y") -> 33
B94: 77 | C94: МАРЧЕНКО | D94: ОКСАНА | E94: МИХАЙЛІВНА | F94: 19544 | G94: =IF(ISNUMBER(SEARCH("вна",E94)),"жіноча","чоловіча") -> жіноча | H94: =VLOOKUP(_xlfn.CONCAT(C94," ",D94," ",E94),Відділи!B18:C117,2,FALSE) -> Фінансовий відділ | I94: =DATEDIF(F94,K94,"Y") -> 55 | J94: =IF(I94>=60,"так","ні") -> ні | K94: 39802 | L94: 43071 | M94: =IF(L94="",_xlfn.CONCAT(DATEDIF(K94,$F$14,"Y"),"р.", DATEDIF(K94,$F$14,"ym"),"м.", DATEDIF(K94,$F$14,"md"),"д."),_xlfn.CONCAT(DATEDIF(K94,L94,"Y"),"р.", DATEDIF(K94,L94,"ym"),"м.", DATEDIF(K94,L94,"md"),"д.")) -> 8р.11м.12д. | N94: за власним бажанням | Q94: =DATEDIF(F94,$F$14,"Y") -> 69
B95: 78 | C95: МІЩЕНКО | D95: ЮЛІЯ | E95: ВАЛЕРІЇВНА | F95: 27048 | G95: =IF(ISNUMBER(SEARCH("вна",E95)),"жіноча","чоловіча") -> жіноча | H95: =VLOOKUP(_xlfn.CONCAT(C95," ",D95," ",E95),Відділи!B71:C170,2,FALSE) -> Фінансовий відділ | I95: =DATEDIF(F95,K95,"Y") -> 35 | J95: =IF(I95>=60,"так","ні") -> ні | K95: 40026 | L95: 41960 | M95: =IF(L95="",_xlfn.CONCAT(DATEDIF(K95,$F$14,"Y"),"р.", DATEDIF(K95,$F$14,"ym"),"м.", DATEDIF(K95,$F$14,"md"),"д."),_xlfn.CONCAT(DATEDIF(K95,L95,"Y"),"р.", DATEDIF(K95,L95,"ym"),"м.", DATEDIF(K95,L95,"md"),"д.")) -> 5р.3м.16д. | N95: не відповідність | Q95: =DATEDIF(F95,$F$14,"Y") -> 48
B96: 79 | C96: ОЛІЙНИК | D96: БОРИС | E96: ІЛЛІЧ | F96: 20291 | G96: =IF(ISNUMBER(SEARCH("вна",E96)),"жіноча","чоловіча") -> чоловіча | H96: =VLOOKUP(_xlfn.CONCAT(C96," ",D96," ",E96),Відділи!B11:C110,2,FALSE) -> Фінансовий відділ | I96: =DATEDIF(F96,K96,"Y") -> 59 | J96: =IF(I96>=60,"так","ні") -> ні | K96: 42009 | M96: =IF(L96="",_xlfn.CONCAT(DATEDIF(K96,$F$14,"Y"),"р.", DATEDIF(K96,$F$14,"ym"),"м.", DATEDIF(K96,$F$14,"md"),"д."),_xlfn.CONCAT(DATEDIF(K96,L96,"Y"),"р.", DATEDIF(K96,L96,"ym"),"м.", DATEDIF(K96,L96,"md"),"д.")) -> 7р.11м.27д. | Q96: =DATEDIF(F96,$F$14,"Y") -> 67
B97: 80 | C97: ПИЛИПЕНКО | D97: ЮЛІЯ | E97: ВІКТОРІВНА | F97: 16300 | G97: =IF(ISNUMBER(SEARCH("вна",E97)),"жіноча","чоловіча") -> жіноча | H97: =VLOOKUP(_xlfn.CONCAT(C97," ",D97," ",E97),Відділи!B76:C175,2,FALSE) -> Фінансовий відділ | I97: =DATEDIF(F97,K97,"Y") -> 62 | J97: =IF(I97>=60,"так","ні") -> так | K97: 39225 | L97: 42975 | M97: =IF(L97="",_xlfn.CONCAT(DATEDIF(K97,$F$14,"Y"),"р.", DATEDIF(K97,$F$14,"ym"),"м.", DATEDIF(K97,$F$14,"md"),"д."),_xlfn.CONCAT(DATEDIF(K97,L97,"Y"),"р.", DATEDIF(K97,L97,"ym"),"м.", DATEDIF(K97,L97,"md"),"д.")) -> 10р.3м.5д. | N97: не відповідність | Q97: =DATEDIF(F97,$F$14,"Y") -> 78
B98: 81 | C98: ПРИХОДЬКО | D98: АНАСТАСІЯ | E98: КОСТЯНТИНІВНА | F98: 33585 | G98: =IF(ISNUMBER(SEARCH("вна",E98)),"жіноча","чоловіча") -> жіноча | H98: =VLOOKUP(_xlfn.CONCAT(C98," ",D98," ",E98),Відділи!B50:C149,2,FALSE) -> Фінансовий відділ | I98: =DATEDIF(F98,K98,"Y") -> 16 | J98: =IF(I98>=60,"так","ні") -> ні | K98: 39578 | L98: 41682 | M98: =IF(L98="",_xlfn.CONCAT(DATEDIF(K98,$F$14,"Y"),"р.", DATEDIF(K98,$F$14,"ym"),"м.", DATEDIF(K98,$F$14,"md"),"д."),_xlfn.CONCAT(DATEDIF(K98,L98,"Y"),"р.", DATEDIF(K98,L98,"ym"),"м.", DATEDIF(K98,L98,"md"),"д.")) -> 5р.9м.2д. | N98: за власним бажанням | Q98: =DATEDIF(F98,$F$14,"Y") -> 31
B99: 82 | C99: РАДЧЕНКО | D99: ВОЛОДИМИР | E99: ІВАНОВИЧ | F99: 26695 | G99: =IF(ISNUMBER(SEARCH("вна",E99)),"жіноча","чоловіча") -> чоловіча | H99: =VLOOKUP(_xlfn.CONCAT(C99," ",D99," ",E99),Відділи!B89:C188,2,FALSE) -> Фінансовий відділ | I99: =DATEDIF(F99,K99,"Y") -> 36 | J99: =IF(I99>=60,"так","ні") -> ні | K99: 40090 | L99: 44005 | M99: =IF(L99="",_xlfn.CONCAT(DATEDIF(K99,$F$14,"Y"),"р.", DATEDIF(K99,$F$14,"ym"),"м.", DATEDIF(K99,$F$14,"md"),"д."),_xlfn.CONCAT(DATEDIF(K99,L99,"Y"),"р.", DATEDIF(K99,L99,"ym"),"м.", DATEDIF(K99,L99,"md"),"д.")) -> 10р.8м.19д. | N99: не відповідність | Q99: =DATEDIF(F99,$F$14,"Y") -> 49
B100: 83 | C100: РОМАНЕНКО | D100: ВІКТОР | E100: ДМИТРОВИЧ | F100: 22881 | G100: =IF(ISNUMBER(SEARCH("вна",E100)),"жіноча","чоловіча") -> чоловіча | H100: =VLOOKUP(_xlfn.CONCAT(C100," ",D100," ",E100),Відділи!B53:C152,2,FALSE) -> Фінансовий відділ | I100: =DATEDIF(F100,K100,"Y") -> 52 | J100: =IF(I100>=60,"так","ні") -> ні | K100: 42073 | M100: =IF(L100="",_xlfn.CONCAT(DATEDIF(K100,$F$14,"Y"),"р.", DATEDIF(K100,$F$14,"ym"),"м.", DATEDIF(K100,$F$14,"md"),"д."),_xlfn.CONCAT(DATEDIF(K100,L100,"Y"),"р.", DATEDIF(K100,L100,"ym"),"м.", DATEDIF(K100,L100,"md"),"д.")) -> 7р.9м.22д. | Q100: =DATEDIF(F100,$F$14,"Y") -> 60
B101: 84 | C101: САВЧУК | D101: ОЛЬГА | E101: МИКОЛАЇВНА | F101: 27967 | G101: =IF(ISNUMBER(SEARCH("вна",E101)),"жіноча","чоловіча") -> жіноча | H101: =VLOOKUP(_xlfn.CONCAT(C101," ",D101," ",E101),Відділи!B29:C128,2,FALSE) -> Фінансовий відділ | I101: =DATEDIF(F101,K101,"Y") -> 31 | J101: =IF(I101>=60,"так","ні") -> ні | K101: 39353 | M101: =IF(L101="",_xlfn.CONCAT(DATEDIF(K101,$F$14,"Y"),"р.", DATEDIF(K101,$F$14,"ym"),"м.", DATEDIF(K101,$F$14,"md"),"д."),_xlfn.CONCAT(DATEDIF(K101,L101,"Y"),"р.", DATEDIF(K101,L101,"ym"),"м.", DATEDIF(K101,L101,"md"),"д.")) -> 15р.3м.4д. | Q101: =DATEDIF(F101,$F$14,"Y") -> 46
B102: 85 | C102: ТИЩЕНКО | D102: МИКОЛА | E102: МИКОЛАЙОВИЧ | F102: 27196 | G102: =IF(ISNUMBER(SEARCH("вна",E102)),"жіноча","чоловіча") -> чоловіча | H102: =VLOOKUP(_xlfn.CONCAT(C102," ",D102," ",E102),Відділи!B81:C180,2,FALSE) -> Фінансовий відділ | I102: =DATEDIF(F102,K102,"Y") -> 34 | J102: =IF(I102>=60,"так","ні") -> ні | K102: 39834 | L102: 41200 | M102: =IF(L102="",_xlfn.CONCAT(DATEDIF(K102,$F$14,"Y"),"р.", DATEDIF(K102,$F$14,"ym"),"м.", DATEDIF(K102,$F$14,"md"),"д."),_xlfn.CONCAT(DATEDIF(K102,L102,"Y"),"р.", DATEDIF(K102,L102,"ym"),"м.", DATEDIF(K102,L102,"md"),"д.")) -> 3р.8м.27д. | N102: за власним бажанням | Q102: =DATEDIF(F102,$F$14,"Y") -> 48
B103: 86 | C103: ШВЕЦЬ | D103: ОЛЬГА | E103: МИКОЛАЇВНА | F103: 25976 | G103: =IF(ISNUMBER(SEARCH("вна",E103)),"жіноча","чоловіча") -> жіноча | H103: =VLOOKUP(_xlfn.CONCAT(C103," ",D103," ",E103),Відділи!B36:C135,2,FALSE) -> Фінансовий відділ | I103: =DATEDIF(F103,K103,"Y") -> 39 | J103: =IF(I103>=60,"так","ні") -> ні | K103: 40249 | L103: 43372 | M103: =IF(L103="",_xlfn.CONCAT(DATEDIF(K103,$F$14,"Y"),"р.", DATEDIF(K103,$F$14,"ym"),"м.", DATEDIF(K103,$F$14,"md"),"д."),_xlfn.CONCAT(DATEDIF(K103,L103,"Y"),"р.", DATEDIF(K103,L103,"ym"),"м.", DATEDIF(K103,L103,"md"),"д.")) -> 8р.6м.17д. | N103: за власним бажанням | Q103: =DATEDIF(F103,$F$14,"Y") -> 51
...

Sheet Відділи
B1: Співробітник | C1: Відділ
B2: МЕЛЬНИК АНДРІЙ АНДРІЙОВИЧ | C2: Бухгалтерія
B3: ШЕВЧЕНКО ТАРАС ГРИГОРОВИЧ | C3: Юридичний відділ
B4: КОВАЛЕНКО АННА МИКОЛАЇВНА | C4: Фінансовий відділ
B5: БОНДАРЕНКО ОЛЕНА АНАТОЛІЇВНА | C5: Маркетинговий відділ
B6: БОЙКО ЮРІЙ АНАТОЛІЙОВИЧ | C6: Відділ збуту
B7: ТКАЧЕНКО ОЛЕКСАНДР МИКОЛАЙОВИЧ | C7: Господарський відділ
B8: КРАВЧЕНКО ВІКТОР АНДРІЙОВИЧ | C8: Дирекція
B9: КОВАЛЬЧУК КИРИЛО СЕРГІЙОВИЧ | C9: Відділ кадрів
B10: КОВАЛЬ ОЛЕКСАНДР ІВАНОВИЧ | C10: Бухгалтерія
B11: ОЛІЙНИК БОРИС ІЛЛІЧ | C11: Фінансовий відділ
B12: ШЕВЧУК СВЯТОСЛАВ ЮРІЙОВИЧ | C12: Господарський відділ
... B101: ДЕНИСЕНКО ЛАРИСА ВОЛОДИМИРІВНА | C101: Відділ збуту

Sheet Аркуш1
A3: Позначки рядків | B3: Кількість з Причина звільнення
A4: за власним бажанням | B4: 25
A5: за згодою сторін | B5: 13
A6: завершення трудового договору | B6: 4
A7: не відповідність | B7: 12
A8: порушення трудового договору | B8: 2
A9: скорочення штату | B9: 5
A10: (пусто)
A11: Загальний підсумок | B11: 61
B13: =INDEX(A4:A9,MATCH(MAX(B4:B9),B4:B9,0),1) -> за власним бажанням
